Epochs,MSAS
2500,0.7257342018055081
5000,0.7812958519026398
10000,0.7728031082162039
2000,0.7372825962747113
500,0.7769237801394127
100,0.6478825277111186
1000,0.7585030282253458
1500,0.7578059650325677
